wall_s,pts_s,drift_ms,draw_ms,write_ms,decode_ms,bytes,shown,dropped,px_w,px_h
0.039,0.000,+0.00,30.649,5.771,1.496,289608,1,0,1010,284
0.077,0.033,-7.42,21.598,1.669,1.188,248116,2,0,1010,284
0.145,0.067,-5.42,18.277,37.617,1.237,263622,3,0,1010,284
0.163,0.100,-25.75,16.758,1.234,1.266,175723,4,0,1010,284
0.201,0.133,-14.08,17.632,20.170,1.242,226001,5,0,1010,284
0.225,0.167,-12.08,21.791,2.081,1.240,303635,6,0,1010,284
0.291,0.200,-11.08,15.892,49.615,1.368,161052,7,0,1010,284
0.312,0.267,-8.08,19.156,1.794,1.237,261402,8,1,1010,284
0.371,0.300,-7.08,15.353,35.291,1.237,166543,9,1,1010,284
0.390,0.334,-15.75,17.548,1.376,1.239,225856,10,1,1010,284
0.449,0.367,-4.08,18.069,40.688,1.236,211009,11,1,1010,284
0.484,0.434,-1.08,17.951,17.447,1.235,258229,12,2,1010,284
0.503,0.467,-0.08,17.459,1.524,1.235,222051,13,2,1010,284
0.571,0.501,+1.92,16.775,37.898,1.244,237203,14,2,1010,284
0.590,0.534,-18.42,17.826,1.528,1.263,218012,15,2,1010,284
0.660,0.567,-6.75,17.303,52.910,1.382,218083,16,2,1010,284
0.680,0.634,-3.75,17.678,1.559,1.305,233103,17,3,1010,284
0.750,0.667,-2.75,17.704,46.849,1.238,219221,18,3,1010,284
0.770,0.701,-32.75,17.843,1.496,1.234,218465,19,3,1010,284
0.837,0.734,-21.08,18.103,49.086,1.380,243201,20,3,1010,284
0.859,0.801,-18.08,19.837,1.780,1.369,259721,21,4,1010,284
0.933,0.834,-6.42,17.529,56.917,1.383,230773,22,4,1010,284
0.954,0.901,-14.08,18.878,1.840,1.237,260612,23,5,1010,284
1.027,0.934,-2.42,17.830,55.687,1.357,235586,24,5,1010,284
1.048,1.001,-10.08,18.784,1.838,1.240,258405,25,6,1010,284
1.124,1.034,+1.58,17.765,57.824,1.369,228725,26,6,1010,284
1.144,1.101,-6.08,18.885,1.790,1.237,262790,27,7,1010,284
1.216,1.134,-5.08,16.373,43.713,1.237,233952,28,7,1010,284
1.237,1.201,-2.08,19.631,1.806,1.356,259948,29,8,1010,284
1.310,1.235,-0.08,16.661,43.595,1.235,232249,30,8,1010,284
1.322,1.268,-20.42,12.137,0.031,1.236,3492,31,8,1010,284
1.382,1.301,-8.75,18.071,42.066,1.306,225682,32,8,1010,284
1.401,1.335,-28.08,17.317,1.509,1.237,217686,33,8,1010,284
1.461,1.368,-16.42,17.709,41.782,1.382,231042,34,8,1010,284
1.482,1.435,-13.42,19.039,1.774,1.240,259240,35,9,1010,284
1.555,1.468,-1.75,16.966,49.868,1.238,230801,36,9,1010,284
1.575,1.502,-31.75,18.272,1.539,1.237,221123,37,9,1010,284
1.646,1.535,-20.08,17.484,54.214,1.364,223120,38,9,1010,284
1.669,1.602,-27.75,20.437,2.075,1.355,269578,39,10,1010,284
1.742,1.635,-16.08,17.560,55.952,1.409,217267,40,10,1010,284
1.765,1.702,-23.75,20.262,1.796,1.261,268284,41,11,1010,284
1.866,1.735,-12.08,17.266,84.519,1.378,221004,42,11,1010,284
1.887,1.835,-18.75,18.888,1.900,1.237,274509,43,13,1010,284
1.968,1.869,-6.08,17.300,58.206,1.238,234532,44,13,1010,284
1.987,1.935,-14.75,17.038,1.588,1.235,221721,45,14,1010,284
2.063,1.969,-2.08,18.939,56.497,1.368,224520,46,14,1010,284
2.097,2.035,-10.75,17.612,16.315,1.144,266982,47,15,1010,284
2.116,2.069,-8.75,18.226,1.475,1.235,225707,48,15,1010,284
2.180,2.102,-7.75,17.243,38.685,1.235,232369,49,15,1010,284
2.199,2.135,-28.08,17.410,1.525,1.238,221524,50,15,1010,284
2.269,2.169,-15.42,17.907,52.875,1.375,220516,51,15,1010,284
2.291,2.236,-12.42,19.306,1.890,1.234,265426,52,16,1010,284
2.363,2.269,-0.75,17.541,55.049,1.373,220082,53,16,1010,284
2.385,2.336,-8.42,19.628,1.818,1.238,267299,54,17,1010,284
2.457,2.369,-7.42,17.217,50.705,1.241,218859,55,17,1010,284
2.478,2.436,-4.42,19.190,1.898,1.241,268266,56,18,1010,284
2.549,2.469,-3.42,16.813,42.171,1.237,223287,57,18,1010,284
2.569,2.536,-0.42,18.183,1.451,1.240,235954,58,19,1010,284
2.641,2.569,+0.58,16.798,42.553,1.260,225291,59,19,1010,284
2.661,2.603,-18.75,18.618,1.635,1.244,220394,60,19,1010,284
2.732,2.636,-7.08,18.083,52.515,1.320,241914,61,19,1010,284
2.753,2.703,-14.75,19.093,1.880,1.235,266318,62,20,1010,284
2.831,2.736,-3.08,19.028,59.273,1.295,241445,63,20,1010,284
2.853,2.803,-10.75,19.819,1.777,1.372,265421,64,21,1010,284
2.931,2.836,+0.92,17.962,60.430,1.374,233728,65,21,1010,284
2.952,2.903,-6.75,19.269,1.716,1.237,270347,66,22,1010,284
3.027,2.936,-5.75,17.386,51.703,1.253,241242,67,22,1010,284
3.049,3.003,-2.75,19.244,1.793,1.239,271815,68,23,1010,284
3.126,3.036,-1.75,16.828,54.340,1.236,239984,69,23,1010,284
3.147,3.103,-9.42,19.240,1.798,1.236,272751,70,24,1010,284
3.222,3.136,-8.42,11.549,52.234,1.242,15912,71,24,1010,284
3.244,3.203,-5.42,20.091,1.906,1.344,277630,72,25,1010,284
3.296,3.237,-3.42,16.427,23.086,1.235,228981,73,25,1010,284
3.316,3.270,-13.08,17.895,1.670,1.233,243497,74,25,1010,284
3.391,3.303,-1.42,16.925,51.882,1.239,229766,75,25,1010,284
3.410,3.337,-31.42,17.622,1.555,1.244,229287,76,25,1010,284
3.481,3.370,-19.75,18.011,53.076,1.378,250748,77,25,1010,284
3.502,3.437,-27.42,19.310,1.809,1.236,277538,78,26,1010,284
3.582,3.470,-15.75,17.536,61.915,1.288,247290,79,26,1010,284
3.603,3.537,-23.42,19.547,1.785,1.244,279630,80,27,1010,284
3.685,3.570,-11.75,18.987,62.497,1.264,264805,81,27,1010,284
3.706,3.637,-30.08,19.299,1.785,1.234,277410,82,28,1010,284
3.789,3.670,-18.42,17.660,65.273,1.399,247647,83,28,1010,284
3.811,3.770,-3.75,19.837,1.945,1.367,283508,84,30,1010,284
3.891,3.804,-1.75,16.997,50.669,1.235,250504,85,30,1010,284
3.910,3.837,-32.75,17.764,1.541,1.241,235147,86,30,1010,284
3.987,3.871,-20.08,17.788,58.667,1.372,233286,87,30,1010,284
4.008,3.937,-28.75,19.733,2.011,1.234,289159,88,31,1010,284
4.085,3.971,-16.08,18.058,58.994,1.241,235858,89,31,1010,284
4.108,4.071,-1.42,20.473,1.890,1.374,296824,90,33,1010,284
4.183,4.104,-0.42,16.975,45.391,1.234,250700,91,33,1010,284
4.202,4.137,-31.42,17.834,1.627,1.238,239829,92,33,1010,284
4.310,4.171,-18.75,17.940,89.892,1.361,239018,93,33,1010,284
4.332,4.271,-25.42,20.125,2.058,1.241,297469,94,35,1010,284
4.415,4.304,-13.75,18.208,64.507,1.384,251382,95,35,1010,284
4.434,4.371,-21.42,17.585,1.661,1.236,237163,96,36,1010,284
4.481,4.404,-9.75,17.695,29.108,1.368,230013,97,36,1010,284
4.501,4.438,-29.08,18.104,1.627,1.238,246857,98,36,1010,284
4.577,4.471,-17.42,17.739,58.154,1.360,234028,99,36,1010,284
4.598,4.538,-25.08,19.522,1.865,1.251,281695,100,37,1010,284
4.681,4.571,-13.42,17.554,65.013,1.342,234136,101,37,1010,284
4.704,4.638,-21.08,20.650,1.985,1.241,282213,102,38,1010,284
4.780,4.671,-20.08,18.872,57.588,1.509,240821,103,38,1010,284
4.801,4.738,-27.75,19.767,1.187,1.261,281516,104,39,1010,284
4.882,4.771,-16.08,18.012,63.199,1.259,232068,105,39,1010,284
4.904,4.838,-23.75,19.488,1.922,1.245,281271,106,40,1010,284
4.982,4.872,-11.08,17.945,60.563,1.375,237925,107,40,1010,284
5.004,4.938,-30.42,19.534,1.940,1.248,283858,108,41,1010,284
5.083,4.972,-17.75,17.723,61.070,1.368,236787,109,41,1010,284
5.102,5.038,-26.42,17.775,1.654,1.243,234338,110,42,1010,284
5.176,5.072,-13.75,18.371,55.448,1.366,261211,111,42,1010,284
5.197,5.138,-22.42,19.464,1.856,1.239,282407,112,43,1010,284
5.280,5.172,-9.75,18.112,64.503,1.242,250612,113,43,1010,284
5.301,5.239,-28.08,19.414,1.886,1.235,280388,114,44,1010,284
5.381,5.272,-16.42,17.943,61.642,1.379,250935,115,44,1010,284
5.418,5.339,-24.08,18.725,18.804,1.235,283734,116,45,1010,284
5.440,5.405,-0.75,19.490,1.938,1.232,282879,117,46,1010,284
5.523,5.439,+1.25,16.882,53.860,1.239,238729,118,46,1010,284
5.543,5.472,-29.75,18.265,1.741,1.237,256336,119,46,1010,284
5.622,5.506,-17.08,17.937,60.989,1.369,240321,120,46,1010,284
5.646,5.606,-2.42,21.785,2.067,1.361,293611,121,48,1010,284
5.725,5.639,-1.42,11.747,54.398,1.330,2258,122,48,1010,284
5.760,5.672,-32.42,17.853,17.474,1.107,244232,123,48,1010,284
5.782,5.739,-8.08,19.779,1.846,1.234,291206,124,49,1010,284
5.849,5.772,-7.08,16.829,36.491,1.241,244854,125,49,1010,284
5.869,5.806,-26.42,18.412,1.807,1.235,261908,126,49,1010,284
5.948,5.839,-14.75,18.195,61.089,1.367,248769,127,49,1010,284
5.970,5.906,-22.42,20.037,2.018,1.238,292264,128,50,1010,284
6.050,5.939,-10.75,17.836,62.149,1.297,248730,129,50,1010,284
6.073,6.006,-29.08,20.384,1.927,1.374,289396,130,51,1010,284
6.160,6.039,-17.42,17.980,69.265,1.383,248254,131,51,1010,284
6.183,6.139,-2.75,20.819,2.117,1.377,299942,132,53,1010,284
6.256,6.173,-0.75,17.304,49.468,1.236,247798,133,53,1010,284
6.276,6.206,-31.75,18.555,1.829,1.236,265204,134,53,1010,284
6.355,6.240,-19.08,17.940,60.920,1.290,251160,135,53,1010,284
6.375,6.306,-27.75,18.277,1.839,1.241,252458,136,54,1010,284
6.453,6.340,-15.08,18.517,59.567,1.372,268511,137,54,1010,284
6.477,6.440,-0.42,21.271,2.123,1.364,302896,138,56,1010,284
6.592,6.473,+0.58,16.902,85.663,1.236,253071,139,56,1010,284
6.616,6.573,-6.08,21.675,1.794,1.349,303113,140,58,1010,284
6.668,6.607,-4.08,21.620,17.779,1.240,341260,141,58,1010,284
6.688,6.640,-13.75,19.000,1.760,1.300,281479,142,58,1010,284
6.785,6.673,-2.08,18.682,77.624,1.379,267253,143,58,1010,284
6.813,6.740,-31.08,25.910,1.923,1.261,279291,144,59,1010,284
6.858,6.773,-19.42,16.914,28.383,1.250,186991,145,59,1010,284
6.874,6.840,-5.75,15.417,0.916,1.249,132991,146,60,1010,284
6.933,6.873,-4.75,14.648,25.439,1.245,131829,147,60,1010,284
6.949,6.907,-13.42,15.344,0.818,1.250,130623,148,60,1010,284
7.008,6.940,-1.75,15.178,36.812,1.256,130624,149,60,1010,284
7.024,6.974,-21.08,15.462,0.824,1.247,133577,150,60,1010,284
7.036,7.007,+1.25,12.289,0.020,1.270,2507,151,60,1010,284
7.082,7.040,-8.42,14.596,7.073,1.243,131325,152,60,1010,284
7.109,7.074,-6.42,15.351,0.857,1.249,131447,153,60,1010,284
7.157,7.107,-5.42,15.107,14.016,1.247,148020,154,60,1010,284
7.173,7.140,-4.42,15.270,0.896,1.248,129642,155,60,1010,284
7.203,7.174,-2.42,11.010,0.008,1.249,251,156,60,1010,284
7.257,7.207,-1.42,14.428,20.746,1.193,130783,157,60,1010,284
7.273,7.241,+0.58,14.370,0.950,1.172,128216,158,60,1010,284
7.340,7.274,+1.58,15.171,39.240,1.253,128100,159,60,1010,284
7.355,7.307,-18.75,14.214,0.882,1.163,128337,160,60,1010,284
7.378,7.341,-6.08,16.209,0.841,1.389,131734,161,60,1010,284
7.430,7.374,-5.08,11.510,21.962,1.248,7407,162,60,1010,284
7.463,7.407,-4.08,13.952,19.300,1.133,125724,163,60,1010,284
7.479,7.441,-2.08,14.675,0.910,1.247,129637,164,60,1010,284
7.521,7.474,-1.08,15.172,14.255,1.247,142658,165,60,1010,284
7.537,7.507,-0.08,15.184,0.916,1.254,128005,166,60,1010,284
7.567,7.541,+1.92,11.298,0.006,1.254,168,167,60,1010,284
7.613,7.574,-7.75,15.035,0.917,1.213,129042,168,60,1010,284
7.671,7.608,-5.75,14.434,24.824,1.251,123446,169,60,1010,284
7.686,7.641,-15.42,14.566,0.974,1.147,123657,170,60,1010,284
7.707,7.674,-3.75,15.113,0.873,1.302,122101,171,60,1010,284
7.780,7.708,-1.75,15.253,38.725,1.251,130027,172,60,1010,284
7.791,7.741,-22.08,11.600,0.030,1.251,2323,173,60,1010,284
7.808,7.774,+0.25,15.303,0.874,1.250,123813,174,60,1010,284
7.868,7.808,-8.42,15.178,23.790,1.249,137760,175,60,1010,284
7.883,7.841,-7.42,14.514,0.519,1.265,119501,176,60,1010,284
7.909,7.874,-6.42,15.110,0.847,1.258,123801,177,60,1010,284
7.953,7.908,-4.42,11.503,15.196,1.254,2239,178,60,1010,284
7.989,7.941,-3.42,13.657,15.998,1.126,117136,179,60,1010,284
8.005,7.975,-1.42,14.989,0.796,1.249,118283,180,60,1010,284
8.047,8.008,-0.42,14.235,8.573,1.252,120539,181,60,1010,284
8.069,8.041,+0.58,15.079,0.856,1.252,122678,182,60,1010,284
8.120,8.075,-8.08,14.278,8.016,1.253,118651,183,60,1010,284
8.141,8.108,-7.08,12.013,0.009,1.252,963,184,60,1010,284
8.174,8.141,-6.08,14.296,0.868,1.195,119478,185,60,1010,284
8.246,8.175,-4.08,15.521,37.682,1.250,132916,186,60,1010,284
8.263,8.208,-24.42,13.876,2.775,1.153,118683,187,60,1010,284
8.279,8.242,-1.08,14.887,0.818,1.256,116381,188,60,1010,284
8.332,8.275,-0.08,11.938,28.976,1.253,12730,189,60,1010,284
8.348,8.308,-9.75,14.845,0.820,1.256,114757,190,60,1010,284
8.389,8.342,-7.75,13.948,9.964,1.268,113269,191,60,1010,284
8.414,8.375,-6.75,14.806,0.738,1.252,113108,192,60,1010,284
8.462,8.408,-5.75,13.915,21.637,1.252,117113,193,60,1010,284
8.495,8.442,-3.75,14.210,18.493,1.258,112952,194,60,1010,284
8.507,8.475,-2.75,12.109,0.026,1.251,3109,195,60,1010,284
8.541,8.508,-1.75,14.889,1.005,1.252,131678,196,60,1010,284
8.570,8.542,+0.25,14.971,0.697,1.395,111407,197,60,1010,284
8.632,8.575,+1.25,14.126,30.153,1.302,108120,198,60,1010,284
8.650,8.609,-7.42,14.243,3.833,1.152,110751,199,60,1010,284
8.673,8.642,-6.42,12.202,0.035,1.253,4379,200,60,1010,284
8.714,8.675,-5.42,15.039,0.821,1.251,112892,201,60,1010,284
8.775,8.709,-3.42,15.499,33.302,1.347,107913,202,60,1010,284
8.792,8.742,-13.08,13.764,3.295,1.232,114235,203,60,1010,284
8.808,8.775,-1.42,14.644,0.722,1.255,107856,204,60,1010,284
8.860,8.809,+0.58,13.937,20.001,1.267,110896,205,60,1010,284
8.873,8.842,+1.58,12.600,0.161,1.256,21174,206,60,1010,284
8.914,8.875,-8.08,14.659,0.895,1.256,130940,207,60,1010,284
8.947,8.909,-6.08,14.646,0.657,1.255,106402,208,60,1010,284
9.000,8.942,-5.08,14.236,26.236,1.243,105385,209,60,1010,284
9.019,8.976,-3.08,13.472,5.348,1.164,105733,210,60,1010,284
9.037,9.009,-2.08,12.027,0.008,1.253,1325,211,60,1010,284
9.071,9.042,-1.08,13.956,0.784,1.258,106443,212,60,1010,284
9.131,9.076,+0.92,14.212,26.802,1.255,105128,213,60,1010,284
9.150,9.109,-8.75,13.460,5.519,1.159,103450,214,60,1010,284
9.178,9.142,-7.75,14.505,0.724,1.255,101070,215,60,1010,284
9.212,9.176,-5.75,13.865,1.316,1.255,101048,216,60,1010,284
9.243,9.209,-4.75,12.252,0.055,1.252,8586,217,60,1010,284
9.277,9.243,-2.75,14.592,0.803,1.255,122649,218,60,1010,284
9.337,9.276,-1.75,14.205,27.292,1.265,101784,219,60,1010,284
9.356,9.309,-11.42,13.258,6.001,1.143,100463,220,60,1010,284
9.372,9.343,+1.25,14.918,0.696,1.398,99095,221,60,1010,284
9.417,9.376,-8.42,11.463,6.088,1.252,3944,222,60,1010,284
9.446,9.409,-7.42,14.711,0.716,1.210,102808,223,60,1010,284
9.480,9.443,-5.42,13.619,0.674,1.261,98735,224,60,1010,284
9.536,9.476,-4.42,13.920,23.941,1.260,98338,225,60,1010,284
9.556,9.509,-14.08,13.217,6.077,1.142,97709,226,60,1010,284
9.577,9.543,-1.42,14.661,0.688,1.253,95381,227,60,1010,284
9.621,9.576,-0.42,13.919,16.934,1.277,93616,228,60,1010,284
9.636,9.610,+1.58,14.327,0.699,1.280,94889,229,60,1010,284
9.688,9.643,-8.08,13.341,11.221,1.258,93787,230,60,1010,284
9.712,9.676,-7.08,14.402,0.678,1.301,96839,231,60,1010,284
9.756,9.710,-5.08,13.752,11.269,1.261,93997,232,60,1010,284
9.775,9.743,-4.08,12.435,0.030,1.372,4155,233,60,1010,284
9.807,9.776,-3.08,13.192,0.644,1.260,91275,234,60,1010,284
9.841,9.810,-1.08,14.200,0.585,1.256,90482,235,60,1010,284
9.888,9.843,-0.08,13.737,14.906,1.221,91750,236,60,1010,284
9.908,9.876,+0.92,13.249,7.083,1.172,93397,237,60,1010,284
9.955,9.910,-7.75,14.408,8.847,1.257,90805,238,60,1010,284
9.993,9.943,-6.75,14.308,13.976,1.259,94130,239,60,1010,284
10.014,9.977,-4.75,14.306,0.630,1.273,92303,240,60,1010,284
10.060,10.010,-3.75,13.629,19.683,1.256,93926,241,60,1010,284
10.075,10.043,-2.75,14.123,0.589,1.262,87318,242,60,1010,284
10.129,10.077,-0.75,13.613,21.789,1.259,92930,243,60,1010,284
10.141,10.110,+0.25,11.990,0.008,1.255,1487,244,60,1010,284
10.180,10.143,+1.25,13.942,6.597,1.257,86921,245,60,1010,284
10.213,10.177,-7.42,14.109,0.606,1.255,87230,246,60,1010,284
10.245,10.210,-6.42,13.359,1.894,1.256,83774,247,60,1010,284
10.279,10.244,-4.42,14.240,0.632,1.258,90128,248,60,1010,284
10.312,10.277,-3.42,13.449,0.570,1.254,86507,249,60,1010,284
10.339,10.310,-2.42,13.948,0.516,1.259,84125,250,60,1010,284
10.390,10.344,-0.42,13.621,18.174,1.256,86478,251,60,1010,284
10.412,10.377,+0.58,12.849,9.104,1.179,78448,252,60,1010,284
10.439,10.410,+1.58,14.147,0.606,1.257,86180,253,60,1010,284
10.481,10.444,-7.08,13.689,0.512,1.261,82356,254,60,1010,284
10.510,10.477,-6.08,11.835,0.007,1.261,846,255,60,1010,284
10.553,10.510,-5.08,12.881,11.478,1.149,81255,256,60,1010,284
10.575,10.544,-3.08,14.529,0.531,1.259,79891,257,60,1010,284
10.607,10.577,-2.08,13.329,0.583,1.257,84482,258,60,1010,284
10.640,10.611,-0.08,14.112,0.572,1.266,85857,259,60,1010,284
10.687,10.644,+0.92,13.161,14.510,1.258,78148,260,60,1010,284
10.709,10.677,+1.92,13.512,2.717,1.220,80199,261,60,1010,284
10.763,10.711,-6.75,14.816,16.995,1.370,76787,262,60,1010,284
10.778,10.744,-5.75,13.904,0.490,1.344,77677,263,60,1010,284
10.824,10.777,-4.75,13.567,14.027,1.255,75232,264,60,1010,284
10.845,10.811,-2.75,13.963,0.535,1.275,79033,265,60,1010,284
10.890,10.844,-1.75,15.280,10.680,1.264,108673,266,60,1010,284
10.904,10.877,-0.75,14.213,0.354,1.281,82000,267,60,1010,284
10.951,10.911,+1.25,14.023,13.622,1.286,79218,268,60,1010,284
10.980,10.944,-8.42,13.943,0.567,1.267,80379,269,60,1010,284
11.012,10.978,-6.42,13.570,1.548,1.259,79938,270,60,1010,284
11.045,11.011,-5.42,14.065,0.473,1.274,77545,271,60,1010,284
11.079,11.044,-4.42,13.344,1.206,1.234,74727,272,60,1010,284
11.112,11.078,-2.42,13.912,0.495,1.274,77895,273,60,1010,284
11.141,11.111,-1.42,13.273,3.412,1.273,75580,274,60,1010,284
11.175,11.144,-0.42,13.899,0.584,1.272,79742,275,60,1010,284
11.207,11.178,+1.58,13.151,0.555,1.271,72959,276,60,1010,284
11.254,11.211,-8.08,12.273,9.799,1.268,26810,277,60,1010,284
11.284,11.245,-6.08,15.056,3.400,1.147,88462,278,60,1010,284
11.310,11.278,-5.08,12.631,0.074,1.140,8402,279,60,1010,284
11.340,11.312,-3.08,12.215,0.090,1.266,9222,280,60,1010,284
11.378,11.345,-2.08,12.976,0.203,1.267,27506,281,60,1010,284
11.409,11.378,-1.08,11.650,0.640,1.131,6814,282,60,1010,284
11.441,11.412,+0.92,12.844,0.084,1.136,9589,283,60,1010,284
11.472,11.445,+1.92,11.796,0.652,1.282,7047,284,60,1010,284
11.513,11.479,-6.75,12.464,0.070,1.132,10210,285,60,1010,284
11.544,11.512,-5.75,12.237,0.055,1.268,7275,286,60,1010,284
11.576,11.545,-4.75,11.159,1.204,1.266,10954,287,60,1010,284
11.607,11.579,-2.75,12.164,0.102,1.205,10974,288,60,1010,284
11.644,11.612,-1.75,12.272,0.056,1.266,10264,289,60,1010,284
11.675,11.645,-0.75,11.669,0.688,1.263,6322,290,60,1010,284
11.708,11.679,+1.25,13.845,0.135,1.201,13369,291,60,1010,284
11.745,11.712,-8.42,12.359,0.060,1.369,6520,292,60,1010,284
11.783,11.746,-6.42,12.561,1.702,1.237,13262,293,60,1010,284
11.815,11.779,-5.42,12.971,0.060,1.258,6454,294,60,1010,284
11.846,11.812,-4.42,11.707,0.947,1.263,8379,295,60,1010,284
11.876,11.846,-2.42,11.253,0.088,1.208,10675,296,60,1010,284
11.907,11.879,-1.42,12.224,0.057,1.266,7374,297,60,1010,284
11.940,11.912,-0.42,12.081,1.803,1.264,14165,298,60,1010,284
11.972,11.946,+1.58,11.832,0.942,1.141,8489,299,60,1010,284
12.013,11.979,-8.08,13.066,0.101,1.133,15020,300,60,1010,284
12.046,12.012,-7.08,11.883,0.101,1.282,11377,301,60,1010,284
12.077,12.046,-5.08,12.361,0.070,1.269,11045,302,60,1010,284
12.114,12.079,-4.08,11.180,0.946,1.260,7770,303,60,1010,284
12.145,12.113,-2.08,12.618,0.095,1.137,11401,304,60,1010,284
12.176,12.146,-1.08,12.338,0.073,1.260,12220,305,60,1010,284
12.208,12.179,-0.08,11.466,1.821,1.260,14761,306,60,1010,284
12.239,12.213,+1.92,12.215,0.065,1.148,7650,307,60,1010,284
12.282,12.246,-7.75,11.945,1.576,1.263,13305,308,60,1010,284
12.315,12.279,-6.75,12.115,0.086,1.139,9518,309,60,1010,284
12.346,12.313,-4.75,12.529,0.082,1.262,12857,310,60,1010,284
12.377,12.346,-3.75,11.635,0.964,1.262,8680,311,60,1010,284
12.408,12.379,-2.75,11.988,0.075,1.160,7423,312,60,1010,284
12.438,12.413,-0.75,12.365,0.081,1.264,12846,313,60,1010,284
12.475,12.446,+0.25,11.248,0.625,1.261,7084,314,60,1010,284
12.516,12.480,-8.42,12.957,0.097,1.134,11644,315,60,1010,284
12.547,12.513,-7.42,12.199,1.215,1.261,9254,316,60,1010,284
12.579,12.546,-6.42,12.340,1.745,1.180,13944,317,60,1010,284
12.609,12.580,-4.42,12.709,0.081,1.142,9074,318,60,1010,284
12.648,12.613,-3.42,11.719,2.087,1.262,16212,319,60,1010,284
12.673,12.646,-2.42,11.894,0.064,1.284,7918,320,60,1010,284
12.710,12.680,-0.42,12.366,0.082,1.317,13365,321,60,1010,284
12.742,12.713,+0.58,11.998,0.987,1.265,9056,322,60,1010,284
12.781,12.747,-8.08,13.549,0.108,1.121,17028,323,60,1010,284
12.815,12.780,-7.08,12.571,0.102,1.371,15020,324,60,1010,284
12.846,12.813,-6.08,11.539,1.723,1.256,14090,325,60,1010,284
12.877,12.847,-4.08,12.166,0.066,1.156,7691,326,60,1010,284
12.908,12.880,-3.08,12.367,0.076,1.260,13226,327,60,1010,284
12.946,12.913,-2.08,11.984,1.026,1.268,8285,328,60,1010,284
12.977,12.947,-0.08,13.106,0.115,1.256,13368,329,60,1010,284
13.010,12.980,+0.92,12.241,2.057,1.262,13723,330,60,1010,284
13.042,13.013,+1.92,11.938,1.150,1.150,9656,331,60,1010,284
13.084,13.047,-6.75,12.907,0.157,1.191,18184,332,60,1010,284
13.114,13.080,-5.75,11.198,1.099,1.261,9552,333,60,1010,284
13.146,13.114,-3.75,12.592,0.178,1.134,23659,334,60,1010,284
13.177,13.147,-2.75,12.579,0.112,1.259,15732,335,60,1010,284
13.210,13.180,-1.75,11.561,2.597,1.261,24700,336,60,1010,284
13.241,13.214,+0.25,12.480,0.118,1.137,14927,337,60,1010,284
13.273,13.247,+1.25,12.776,0.158,1.256,23051,338,60,1010,284
13.317,13.280,-8.42,12.075,1.406,1.256,16127,339,60,1010,284
13.347,13.314,-6.42,13.513,0.186,1.130,25005,340,60,1010,284
13.383,13.347,-5.42,12.762,4.470,1.259,30543,341,60,1010,284
13.414,13.380,-4.42,12.310,0.246,1.136,32097,342,60,1010,284
13.445,13.414,-2.42,12.839,0.218,1.262,30601,343,60,1010,284
13.483,13.447,-1.42,12.371,6.570,1.268,29794,344,60,1010,284
13.510,13.481,+0.58,11.597,3.215,1.149,26079,345,60,1010,284
13.542,13.514,+1.58,13.363,0.181,1.125,27188,346,60,1010,284
13.584,13.547,-8.08,11.610,3.094,1.262,24316,347,60,1010,284
13.615,13.581,-6.08,12.551,0.155,1.167,22027,348,60,1010,284
13.646,13.614,-5.08,12.469,0.147,1.259,20681,349,60,1010,284
13.681,13.647,-4.08,12.030,4.149,1.256,18790,350,60,1010,284
13.714,13.681,-2.08,12.852,1.534,1.179,22007,351,60,1010,284
13.746,13.714,-1.08,13.278,0.116,1.257,18264,352,60,1010,284
13.778,13.748,+0.92,13.179,0.127,1.365,17681,353,60,1010,284
13.809,13.781,+1.92,12.877,0.130,1.193,16770,354,60,1010,284
13.847,13.814,-7.75,12.391,0.108,1.261,16188,355,60,1010,284
13.886,13.848,-5.75,11.605,2.405,1.260,17766,356,60,1010,284
13.911,13.881,-4.75,12.108,0.127,1.157,16939,357,60,1010,284
13.948,13.914,-3.75,12.328,0.085,1.262,12507,358,60,1010,284
13.981,13.948,-1.75,11.930,2.433,1.261,17446,359,60,1010,284
14.012,13.981,-0.75,12.361,0.106,1.218,15850,360,60,1010,284
14.044,14.014,+0.25,12.371,0.093,1.335,13318,361,60,1010,284
14.084,14.048,-8.42,11.783,1.735,1.262,12695,362,60,1010,284
14.114,14.081,-7.42,11.465,0.048,1.158,5827,363,60,1010,284
14.145,14.115,-5.42,12.159,0.054,1.265,7655,364,60,1010,284
14.183,14.148,-4.42,12.108,0.030,1.272,4487,365,60,1010,284
14.213,14.181,-3.42,11.093,0.682,1.261,7139,366,60,1010,284
14.244,14.215,-1.42,11.885,0.053,1.209,5380,367,60,1010,284
14.276,14.248,-0.42,12.706,0.046,1.353,7654,368,60,1010,284
14.306,14.281,+0.58,11.927,0.383,1.316,4407,369,60,1010,284
14.350,14.315,-8.08,12.145,0.073,1.163,7192,370,60,1010,284
14.382,14.348,-7.08,12.105,0.034,1.260,5175,371,60,1010,284
14.413,14.381,-6.08,12.160,0.061,1.265,7347,372,60,1010,284
14.447,14.415,-4.08,12.630,2.432,1.261,34209,373,60,1010,284
14.480,14.448,-3.08,13.993,0.239,1.136,33876,374,60,1010,284
14.513,14.482,-1.08,12.073,2.279,1.258,4314,375,60,1010,284
14.544,14.515,-0.08,11.755,1.021,1.131,7557,376,60,1010,284
14.576,14.548,+0.92,12.830,0.043,1.241,4882,377,60,1010,284
14.615,14.582,-7.75,11.620,0.989,1.267,7223,378,60,1010,284
14.650,14.615,-6.75,12.472,0.048,1.131,4937,379,60,1010,284
14.681,14.648,-5.75,12.099,0.030,1.262,4563,380,60,1010,284
14.712,14.682,-3.75,12.186,0.055,1.260,8064,381,60,1010,284
14.743,14.715,-2.75,12.198,0.394,1.274,4927,382,60,1010,284
14.780,14.749,-0.75,12.757,0.070,1.217,8085,383,60,1010,284
14.811,14.782,+0.25,12.186,0.056,1.259,8544,384,60,1010,284
14.842,14.815,+1.25,11.068,0.991,1.264,8256,385,60,1010,284
14.882,14.849,-7.42,12.582,0.039,1.138,4878,386,60,1010,284
14.917,14.882,-6.42,12.280,0.081,1.262,11293,387,60,1010,284
14.948,14.915,-5.42,11.014,0.675,1.323,5198,388,60,1010,284
14.977,14.949,-3.42,11.893,0.096,1.141,11445,389,60,1010,284
15.014,14.982,-2.42,12.232,0.042,1.256,5781,390,60,1010,284
15.044,15.015,-1.42,12.422,0.075,1.263,9675,391,60,1010,284
15.074,15.049,+0.58,11.120,0.404,1.233,5007,392,60,1010,284
15.106,15.082,+1.58,12.834,0.089,1.138,9627,393,60,1010,284
15.152,15.116,-7.08,12.123,1.504,1.258,5848,394,60,1010,284
15.182,15.149,-6.08,11.667,0.686,1.161,6249,395,60,1010,284
15.214,15.182,-5.08,12.820,0.082,1.136,9740,396,60,1010,284
15.245,15.216,-3.08,12.115,0.044,1.262,5861,397,60,1010,284
15.276,15.249,-2.08,11.170,1.259,1.258,9272,398,60,1010,284
15.312,15.282,-1.08,12.384,0.065,1.146,5432,399,60,1010,284
15.343,15.316,+0.92,12.314,0.089,1.258,12697,400,60,1010,284
15.375,15.349,+1.92,11.803,0.698,1.258,5365,401,60,1010,284
15.417,15.382,-7.75,12.573,0.092,1.129,9738,402,60,1010,284
15.448,15.416,-5.75,12.312,0.060,1.263,6914,403,60,1010,284
15.486,15.449,-4.75,12.223,3.328,1.264,10083,404,60,1010,284
15.511,15.483,-2.75,11.164,0.958,1.152,9735,405,60,1010,284
15.549,15.516,-1.75,12.851,0.104,1.130,10840,406,60,1010,284
15.580,15.549,-0.75,12.590,0.067,1.267,6956,407,60,1010,284
15.612,15.583,+1.25,11.335,1.301,1.265,11168,408,60,1010,284
15.653,15.616,-8.42,13.437,0.065,1.142,6994,409,60,1010,284
15.684,15.649,-7.42,13.158,0.088,1.343,10606,410,60,1010,284
15.716,15.683,-5.42,11.822,0.761,1.260,6350,411,60,1010,284
15.747,15.716,-4.42,12.209,0.061,1.224,6728,412,60,1010,284
15.779,15.750,-2.42,13.098,0.070,1.262,11394,413,60,1010,284
15.809,15.783,-1.42,12.258,0.076,1.259,11003,414,60,1010,284
15.846,15.816,-0.42,11.186,1.463,1.258,12180,415,60,1010,284
15.878,15.850,+1.58,12.940,0.126,1.225,16306,416,60,1010,284
15.919,15.883,-8.08,12.933,0.153,1.258,21097,417,60,1010,284
15.953,15.916,-7.08,11.745,1.508,1.255,17169,418,60,1010,284
15.985,15.950,-5.08,13.010,0.144,1.117,17693,419,60,1010,284
16.016,15.983,-4.08,12.582,0.108,1.257,17242,420,60,1010,284
16.050,16.016,-3.08,12.014,2.844,1.259,25205,421,60,1010,284
16.081,16.050,-1.08,11.867,0.079,1.144,10529,422,60,1010,284
16.112,16.083,-0.08,12.670,0.145,1.257,21507,423,60,1010,284
16.143,16.117,+1.92,12.363,0.071,1.314,11291,424,60,1010,284
16.184,16.150,-7.75,11.982,0.136,1.214,16631,425,60,1010,284
16.218,16.183,-6.75,12.572,0.108,1.260,17307,426,60,1010,284
16.249,16.217,-4.75,12.492,0.142,1.261,19488,427,60,1010,284
16.281,16.250,-3.75,11.376,1.992,1.237,17756,428,60,1010,284
16.312,16.283,-2.75,12.174,0.099,1.144,12178,429,60,1010,284
16.344,16.317,-0.75,12.484,0.121,1.259,16947,430,60,1010,284
16.377,16.350,+0.25,12.047,1.808,1.261,17316,431,60,1010,284
16.407,16.383,+1.25,12.005,0.127,1.166,16496,432,60,1010,284
16.451,16.417,-7.42,12.247,0.086,1.258,10282,433,60,1010,284
16.484,16.450,-6.42,12.449,2.896,1.257,22578,434,60,1010,284
16.516,16.484,-4.42,11.735,1.186,1.134,10294,435,60,1010,284
16.548,16.517,-3.42,12.876,0.134,1.130,16796,436,60,1010,284
16.579,16.550,-2.42,12.636,0.078,1.259,12693,437,60,1010,284
16.612,16.584,-0.42,13.408,0.187,1.319,25271,438,60,1010,284
16.643,16.617,+0.58,12.335,0.066,1.285,9922,439,60,1010,284
16.680,16.650,+1.58,12.387,2.431,1.233,17038,440,60,1010,284
16.719,16.684,-7.08,12.810,0.176,1.215,23611,441,60,1010,284
16.749,16.717,-6.08,12.587,0.130,1.325,17650,442,60,1010,284
16.784,16.751,-4.08,12.054,4.178,1.258,11390,443,60,1010,284
16.817,16.784,-3.08,11.652,1.798,1.170,16874,444,60,1010,284
16.849,16.817,-2.08,12.939,0.126,1.155,13091,445,60,1010,284
16.880,16.851,-0.08,12.164,0.067,1.259,8992,446,60,1010,284
16.912,16.884,+0.92,13.022,0.134,1.259,15036,447,60,1010,284
16.943,16.917,+1.92,12.291,0.058,1.260,10054,448,60,1010,284
16.985,16.951,-6.75,11.326,2.079,1.261,14925,449,60,1010,284
17.015,16.984,-5.75,12.525,0.066,1.145,9112,450,60,1010,284
17.047,17.017,-4.75,12.605,0.073,1.265,16940,451,60,1010,284
17.085,17.051,-2.75,11.223,1.422,1.289,10402,452,60,1010,284
17.116,17.084,-1.75,12.037,0.144,1.129,16582,453,60,1010,284
17.147,17.118,+0.25,12.286,0.067,1.257,10149,454,60,1010,284
17.182,17.151,+1.25,12.286,4.176,1.256,19761,455,60,1010,284
17.218,17.184,-8.42,12.098,0.094,1.173,10603,456,60,1010,284
17.254,17.218,-6.42,12.449,0.121,1.261,17209,457,60,1010,284
17.288,17.251,-5.42,12.507,3.261,1.262,20096,458,60,1010,284
17.314,17.284,-4.42,11.354,2.072,1.177,16300,459,60,1010,284
17.346,17.318,-2.42,12.853,0.098,1.143,11072,460,60,1010,284
17.381,17.351,-1.42,12.730,3.892,1.281,27811,461,60,1010,284
17.412,17.384,-0.42,12.218,0.171,1.171,23912,462,60,1010,284
17.444,17.418,+1.58,12.695,0.147,1.259,22982,463,60,1010,284
17.489,17.451,-8.08,11.997,4.175,1.264,31241,464,60,1010,284
17.519,17.485,-6.08,12.274,0.189,1.152,24635,465,60,1010,284
17.551,17.518,-5.08,12.751,0.200,1.263,29443,466,60,1010,284
17.586,17.551,-4.08,12.419,3.943,1.258,28672,467,60,1010,284
17.618,17.585,-2.08,12.634,0.276,1.161,36372,468,60,1010,284
17.649,17.618,-1.08,12.888,0.171,1.263,29227,469,60,1010,284
17.688,17.651,-0.08,12.420,7.960,1.342,36365,470,60,1010,284
17.718,17.685,+1.92,12.475,4.453,1.231,32339,471,60,1010,284
17.755,17.718,-7.75,13.158,0.256,1.396,40565,472,60,1010,284
17.786,17.752,-5.75,12.499,0.307,1.372,40389,473,60,1010,284
17.818,17.785,-4.75,13.187,0.249,1.260,43329,474,60,1010,284
17.857,17.818,-3.75,12.602,8.266,1.261,39631,475,60,1010,284
17.888,17.852,-1.75,12.381,5.251,1.196,47895,476,60,1010,284
17.913,17.885,-0.75,13.574,0.316,1.257,47128,477,60,1010,284
17.951,17.918,+0.25,13.335,5.499,1.295,54240,478,60,1010,284
17.989,17.952,-8.42,13.654,0.322,1.263,53637,479,60,1010,284
18.022,17.985,-7.42,12.808,1.672,1.270,57499,480,60,1010,284
18.053,18.018,-6.42,14.073,0.415,1.260,61499,481,60,1010,284
18.091,18.052,-4.42,13.416,7.075,1.301,61977,482,60,1010,284
18.118,18.085,-3.42,13.723,0.416,1.277,61169,483,60,1010,284
18.159,18.119,-1.42,13.190,9.313,1.260,43632,484,60,1010,284
18.179,18.152,-0.42,13.662,0.308,1.262,55217,485,60,1010,284
18.218,18.185,+0.58,13.487,7.045,1.296,53084,486,60,1010,284
18.244,18.218,+1.58,13.656,0.376,1.259,55933,487,60,1010,284
18.286,18.252,-7.08,13.105,0.322,1.261,43642,488,60,1010,284
18.318,18.285,-6.08,13.704,0.348,1.258,56598,489,60,1010,284
18.349,18.318,-5.08,13.021,0.351,1.263,44301,490,60,1010,284
18.381,18.352,-3.08,13.022,0.266,1.289,41897,491,60,1010,284
18.415,18.385,-2.08,12.051,3.425,1.258,27130,492,60,1010,284
18.447,18.419,-0.08,12.472,0.322,1.182,44576,493,60,1010,284
18.479,18.452,+0.92,12.922,0.212,1.259,35500,494,60,1010,284
18.514,18.485,+1.92,11.886,4.338,1.260,30005,495,60,1010,284
18.556,18.519,-6.75,14.106,0.324,1.171,49482,496,60,1010,284
18.592,18.552,-5.75,12.447,4.383,1.259,29690,497,60,1010,284
18.623,18.585,-4.75,12.395,5.920,1.207,41201,498,60,1010,284
18.649,18.619,-2.75,13.504,0.218,1.259,28769,499,60,1010,284
18.681,18.652,-1.75,13.071,0.308,1.363,42153,500,60,1010,284
18.714,18.686,+0.25,13.732,0.225,1.328,29970,501,60,1010,284
18.753,18.719,+1.25,13.410,6.477,1.259,43260,502,60,1010,284
18.787,18.752,-8.42,12.764,0.196,1.241,29496,503,60,1010,284
18.818,18.786,-6.42,13.492,0.294,1.401,44191,504,60,1010,284
18.853,18.819,-5.42,11.932,4.364,1.295,30315,505,60,1010,284
18.885,18.852,-4.42,13.117,0.341,1.173,42891,506,60,1010,284
18.916,18.886,-2.42,12.786,0.177,1.272,31051,507,60,1010,284
18.954,18.919,-1.42,12.265,6.949,1.228,46623,508,60,1010,284
18.979,18.952,-0.42,12.558,0.302,1.171,42572,509,60,1010,284
19.011,18.986,+1.58,13.064,0.299,1.260,43536,510,60,1010,284
19.056,19.019,-8.08,12.685,4.126,1.238,28318,511,60,1010,284
19.088,19.053,-6.08,13.325,0.230,1.360,29936,512,60,1010,284
19.125,19.086,-5.08,12.276,5.992,1.261,42610,513,60,1010,284
19.149,19.119,-4.08,12.125,0.199,1.150,29911,514,60,1010,284
19.181,19.153,-2.08,13.085,0.305,1.298,44416,515,60,1010,284
19.216,19.186,-1.08,12.003,4.227,1.259,30064,516,60,1010,284
19.249,19.219,-0.08,13.798,0.436,1.130,63784,517,60,1010,284
19.281,19.253,+1.92,12.755,0.206,1.257,30718,518,60,1010,284
19.326,19.286,-7.75,13.251,5.638,1.261,58774,519,60,1010,284
19.356,19.319,-6.75,13.166,0.212,1.158,29300,520,60,1010,284
19.394,19.353,-4.75,12.888,6.735,1.282,45285,521,60,1010,284
19.421,19.386,-3.75,12.081,2.649,1.170,31089,522,60,1010,284
19.448,19.420,-1.75,13.616,0.381,1.258,52998,523,60,1010,284
19.481,19.453,-0.75,12.615,2.987,1.298,30257,524,60,1010,284
19.514,19.486,+0.25,13.387,0.316,1.265,46260,525,60,1010,284
19.557,19.520,-8.42,11.756,4.047,1.259,29658,526,60,1010,284
19.589,19.553,-7.42,13.393,0.304,1.167,48699,527,60,1010,284
19.619,19.586,-6.42,12.796,0.214,1.264,29961,528,60,1010,284
19.654,19.620,-4.42,11.966,4.653,1.259,32470,529,60,1010,284
19.687,19.653,-3.42,13.781,0.326,1.220,44973,530,60,1010,284
19.725,19.687,-1.42,13.363,6.296,1.259,31302,531,60,1010,284
19.756,19.720,-0.42,13.010,5.036,1.159,48493,532,60,1010,284
19.781,19.753,+0.58,12.809,0.202,1.398,30780,533,60,1010,284
19.822,19.787,-8.08,12.443,0.317,1.257,45773,534,60,1010,284
19.855,19.820,-7.08,12.777,0.220,1.257,31732,535,60,1010,284
19.893,19.853,-6.08,12.389,7.645,1.259,53062,536,60,1010,284
19.918,19.887,-4.08,12.356,0.282,1.223,38240,537,60,1010,284
19.950,19.920,-3.08,13.147,0.345,1.267,49106,538,60,1010,284
19.986,19.953,-2.08,11.914,4.642,1.207,33010,539,60,1010,284
20.018,19.987,-0.08,13.464,0.356,1.153,47415,540,60,1010,284
20.057,20.020,+0.92,12.603,7.444,1.263,34193,541,60,1010,284
20.088,20.054,-7.75,13.205,0.215,1.147,47997,542,60,1010,284
20.124,20.087,-6.75,13.768,0.228,1.280,31935,543,60,1010,284
20.163,20.120,-5.75,12.794,7.224,1.284,50504,544,60,1010,284
20.187,20.154,-3.75,11.883,0.250,1.157,34351,545,60,1010,284
20.219,20.187,-2.75,12.833,0.233,1.258,32679,546,60,1010,284
20.258,20.220,-1.75,12.288,7.351,1.260,50772,547,60,1010,284
20.283,20.254,+0.25,12.023,0.248,1.117,33341,548,60,1010,284
20.315,20.287,+1.25,13.280,0.365,1.262,50891,549,60,1010,284
20.361,20.320,-8.42,12.112,6.609,1.309,46038,550,60,1010,284
20.392,20.354,-6.42,13.703,0.340,1.130,51469,551,60,1010,284
20.431,20.387,-5.42,12.658,7.627,1.263,37527,552,60,1010,284
20.457,20.421,-3.42,12.269,7.318,1.163,51973,553,60,1010,284
20.483,20.454,-2.42,13.050,0.223,1.160,31910,554,60,1010,284
20.522,20.487,-1.42,12.879,7.196,1.261,51115,555,60,1010,284
20.547,20.521,+0.58,11.629,2.028,1.167,32753,556,60,1010,284
20.580,20.554,+1.58,13.152,0.347,1.256,49613,557,60,1010,284
20.621,20.587,-8.08,12.803,0.273,1.343,39075,558,60,1010,284
20.653,20.621,-6.08,13.196,0.343,1.285,50614,559,60,1010,284
20.694,20.654,-5.08,12.202,5.134,1.161,34379,560,60,1010,284
20.721,20.688,-3.08,14.052,0.369,1.210,53225,561,60,1010,284
20.760,20.721,-2.08,12.859,7.365,1.316,40386,562,60,1010,284
20.790,20.754,-1.08,12.195,4.360,1.215,36817,563,60,1010,284
20.816,20.788,+0.92,13.513,0.374,1.257,58575,564,60,1010,284
20.847,20.821,+1.92,12.239,0.244,1.256,36613,565,60,1010,284
20.890,20.854,-7.75,13.298,0.354,1.259,54596,566,60,1010,284
20.926,20.888,-5.75,11.824,4.802,1.262,33942,567,60,1010,284
20.951,20.921,-4.75,12.209,0.343,1.155,50616,568,60,1010,284
20.998,20.954,-3.75,12.796,10.427,1.257,33995,569,60,1010,284
21.024,20.988,-1.75,12.187,7.272,1.136,50853,570,60,1010,284
21.050,21.021,-0.75,13.356,0.252,1.165,34585,571,60,1010,284
21.088,21.055,+1.25,13.186,7.470,1.274,53150,572,60,1010,284
21.121,21.088,-8.42,11.823,0.251,1.224,34642,573,60,1010,284
21.155,21.121,-7.42,13.323,0.356,1.285,54922,574,60,1010,284
21.191,21.155,-5.42,12.185,4.774,1.262,35486,575,60,1010,284
21.223,21.188,-4.42,12.664,0.420,1.140,53755,576,60,1010,284
21.256,21.221,-3.42,13.198,0.364,1.259,49995,577,60,1010,284
21.293,21.255,-1.42,12.097,7.356,1.259,52067,578,60,1010,284
21.318,21.288,-0.42,11.757,0.241,1.155,33463,579,60,1010,284
21.350,21.321,+0.58,12.908,0.211,1.260,36112,580,60,1010,284
21.398,21.355,-8.08,12.216,7.339,1.260,50658,581,60,1010,284
21.425,21.388,-7.08,13.449,0.249,1.167,35616,582,60,1010,284
21.464,21.422,-5.08,12.907,7.388,1.258,50763,583,60,1010,284
21.492,21.455,-4.08,11.911,3.045,1.167,36201,584,60,1010,284
21.518,21.488,-3.08,13.331,0.369,1.260,55873,585,60,1010,284
21.555,21.522,-1.08,12.636,5.454,1.259,36876,586,60,1010,284
21.587,21.555,-0.08,13.726,0.337,1.256,51549,587,60,1010,284
21.618,21.588,+0.92,12.831,5.376,1.277,37373,588,60,1010,284
21.658,21.622,-7.75,13.244,0.365,1.259,52431,589,60,1010,284
21.686,21.655,-6.75,12.249,0.309,1.264,39518,590,60,1010,284
21.725,21.689,-4.75,13.412,0.370,1.328,57877,591,60,1010,284
21.761,21.722,-3.75,12.569,5.131,1.350,34597,592,60,1010,284
21.787,21.755,-2.75,12.783,0.357,1.240,52543,593,60,1010,284
21.819,21.789,-0.75,12.902,0.243,1.266,37358,594,60,1010,284
21.855,21.822,+0.25,12.128,5.400,1.261,38727,595,60,1010,284
21.881,21.855,+1.25,12.245,0.357,1.144,52348,596,60,1010,284
21.924,21.889,-7.42,13.076,0.254,1.261,39606,597,60,1010,284
